{"cameraMode":{"drawMode":0,"name":"Shaded","section":"Shading Mode"},"sceneLighting":true,"audioPlay":false,"sceneViewState":{"showFog":true,"showMaterialUpdate":false,"showSkybox":true,"showFlares":true,"showImageEffects":true,"showParticleSystems":true},"in2DMode":false,"pivot":{"x":-12.544540405273438,"y":0.05551886558532715,"z":0.0},"rotation":{"x":-0.012306850403547287,"y":0.02009420469403267,"z":-0.00024740045773796737,"w":-0.9997223019599915},"size":0.8503390550613403,"orthographic":false}